{"0":{"0":[0.6839115353,0.5435036727],"1":[0.8297322198,0.2907251246],"2":[0.3804616417,0.8320909926],"3":[0.8045463616,0.7611041337]},"1":{"0":[0.8561896836,0.6479298852],"1":[0.8927945179,0.1208414208],"2":[0.3405716494,0.5635387953],"3":[0.1727844554,0.3213688039]},"2":{"0":[0.1571037961,0.3156556677],"1":[0.6891752183,0.3295590098],"2":[0.1874790366,0.9099936388],"3":[0.2913017081,0.1344718285]},"3":{"0":[0.317267725,0.142461955],"1":[0.154194388,0.5352928064],"2":[0.5195156435,0.1407373578],"3":[0.4100864437,0.3733927047]},"4":{"0":[0.4179039524,0.388628097],"1":[0.8861106276,0.5416290159],"2":[0.7547393315,0.8425636258],"3":null}}