{"firstSet0":{"0":[1.9824166695,1.7721666694,1.6346666614,1.7798333168,4.6085833609,1.6321666638,1.706833303,1.6843333443,2.427583317,5.2031667431,2.0889999767,3.8490000069,4.4422500829,8.3637499809,1.6159166694,1.7050833305,2.4444999695,4.491083324,3.0535833339,2.1451666951,4.4750832717,4.0534166694,5.9770833055,4.0052499771],"1":[2.165999949,2.2502499918,2.43416665,2.1471666892,2.3551666538,5.561083287,1.6908333302,1.6674999694,1.7681666414,2.1793333689,13.5495001177,17.0687501431,5.0209166805,10.4389166037,9.7591666381,4.3744999965,1.8029166559,3.7977500757,9.0560833017,10.5984167457,4.1363332868,3.403916657,2.9846666555,1.6504999896],"2":[1.6081666549,1.7312500278,1.785250018,1.3193333447,1.5778333346,5.3763332963,10.2672499418,1.4856666823,1.4798333148,2.3322500189,2.036833326,1.8020833433,1.7582499981,1.8635833462,6.6079999606,3.9717499912,15.0906663736,9.5840833783,7.4774999817,6.7781667809,4.6765833497,3.3719166319,3.0424999595,2.24908336],"3":[3.611833334,1.6862500111,1.9505833387,1.9230833352,1.6718333364,1.2143333356,5.4139166474,1.6210833192,1.4596666594,1.986166666,2.825583299,6.7027500272,5.5904166301,5.038250049,1.8705833356,2.1914999882,2.2346666654,9.7165832718,10.6549999714,5.229333361,4.5546666582,4.6905832887,4.0617500345,2.5215833187],"4":[1.6290833354,1.6324999928,1.3234166801,4.4358333647,1.6579166551,6.5781666239,8.2369999687,1.8060833315,1.6070000132,4.5116667151,6.2753333151,1.9910833438,2.9930833479,4.0204166373,1.8979166249,2.1813333333,3.8422500094,5.7848332922,5.1772499482,9.7412499587,14.9695000648,7.9741666714,2.0751666824,1.4630833368],"5":[2.1495833198,4.820916603,1.9019166728,1.785833319,1.7127500176,1.6443333526,1.3829999864,1.3913333217,2.3275000056,5.2236666481,6.081250002,5.2424999774,14.6630000273,6.3700833817,2.7242500087,7.258250018,6.6465000312,5.1119166116,4.7094999949,2.428249975,3.4097500046,3.0749166807,3.3879166643,2.7946666678]},"firstSet1":{"0":[1.3160833468,1.6833333373,2.7797500143,1.4847500026,1.055249994,1.5875833531,0.9359166498,4.9810000683,4.960499992,10.0736666595,13.2585833073,4.4447499911,1.5035000046,1.8791666726,1.9889166752,1.3508333067,4.359916687,0.8605833501,3.9741666541,2.3464999795,2.1143333515,5.5393333634,1.5886666576,1.0459999964],"1":[1.5109166602,0.8985000203,3.6303333342,1.965666689,1.281583339,1.2576666549,0.8606666798,1.5411666433,12.8969167868,9.3122499883,1.2924999992,0.9703333278,1.5171666642,1.346999983,2.5153333147,3.5286667148,1.4822499851,1.5554166635,2.0505833427,2.7794999878,6.6589167317,1.6422499816,1.5874999861,2.9431666657],"2":[1.6856666505,1.6845833262,0.8637500058,1.5075000226,4.0943332563,1.1468333279,1.3997499943,1.0920833275,6.788749968,13.2199167411,5.3731666803,1.4335454702,5.4572499792,2.4894166489,4.6215000252,1.565083315,1.5105833312,1.5255833169,1.5818333427,1.9350833396,1.9502499799,1.9499166707,5.9476666351,2.0081666807],"3":[1.7250833511,1.6233333349,4.6295833687,1.5060833395,1.4100000064,0.9999166653,1.4415833255,1.3224166657,6.6085000758,12.9670832952,10.9502499799,3.3270000517,2.4876666268,1.476000011,1.4011666477,1.3904166619,4.3223333756,1.9430833161,1.5585833192,1.355333368,1.8182500005,1.5048333406,5.1996665796,1.8618333439],"4":null,"5":null},"secondSet0":{"0":[1.3160833468,1.6833333373,2.7797500143,1.4847500026,1.055249994,1.5875833531,0.9359166498,4.9810000683,4.960499992,10.0736666595,13.2585833073,4.4447499911,1.5035000046,1.8791666726,1.9889166752,1.3508333067,4.359916687,0.8605833501,3.9741666541,2.3464999795,2.1143333515,5.5393333634,1.5886666576,1.0459999964],"1":[1.5109166602,0.8985000203,3.6303333342,1.965666689,1.281583339,1.2576666549,0.8606666798,1.5411666433,12.8969167868,9.3122499883,1.2924999992,0.9703333278,1.5171666642,1.346999983,2.5153333147,3.5286667148,1.4822499851,1.5554166635,2.0505833427,2.7794999878,6.6589167317,1.6422499816,1.5874999861,2.9431666657],"2":[1.6856666505,1.6845833262,0.8637500058,1.5075000226,4.0943332563,1.1468333279,1.3997499943,1.0920833275,6.788749968,13.2199167411,5.3731666803,1.4335454702,5.4572499792,2.4894166489,4.6215000252,1.565083315,1.5105833312,1.5255833169,1.5818333427,1.9350833396,1.9502499799,1.9499166707,5.9476666351,2.0081666807],"3":[1.7250833511,1.6233333349,4.6295833687,1.5060833395,1.4100000064,0.9999166653,1.4415833255,1.3224166657,6.6085000758,12.9670832952,10.9502499799,3.3270000517,2.4876666268,1.476000011,1.4011666477,1.3904166619,4.3223333756,1.9430833161,1.5585833192,1.355333368,1.8182500005,1.5048333406,5.1996665796,1.8618333439],"4":null,"5":null},"firstSet2":{"0":[1.8966666758,4.6925000052,1.6626666685,1.8169166644,1.8816666603,1.7588333289,1.7422499756,6.5538333853,2.0499999921,14.50816679,14.5847500165,3.6725833217,1.9770833453,1.7459166944,1.8196666737,1.7487499913,1.719999969,3.8017500639,1.7232500116,1.9972500106,3.4919166366,1.7412500083,1.7922499975,4.8187499543],"1":[1.8982500037,1.487166663,1.4445833365,1.6022499998,4.8307501078,1.4342500269,1.5028333465,2.3920833369,1.8856666585,1.5656666855,3.6453333199,13.2360833486,4.9508333007,1.712499996,1.6464166443,1.7211666703,1.442416658,4.6592500508,1.9384166698,3.6495833298,1.7067499757,1.5814166665,2.2654999892,3.6984167099],"2":[2.6580000321,1.8254999816,1.4526666601,1.6833333671,1.5370833377,5.3611666461,1.4923333327,5.568916738,2.1008333564,2.2361667057,3.2254166206,1.51941667,2.0975833337,2.0747499863,2.0940833489,2.1047500173,4.955166618,4.6547499895,4.3249165813,14.9962499936,4.3235833248,1.9506666263,2.0350000163,4.0467499296],"3":null,"4":null,"5":null},"secondSet1":{"0":[1.8966666758,4.6925000052,1.6626666685,1.8169166644,1.8816666603,1.7588333289,1.7422499756,6.5538333853,2.0499999921,14.50816679,14.5847500165,3.6725833217,1.9770833453,1.7459166944,1.8196666737,1.7487499913,1.719999969,3.8017500639,1.7232500116,1.9972500106,3.4919166366,1.7412500083,1.7922499975,4.8187499543],"1":[1.8982500037,1.487166663,1.4445833365,1.6022499998,4.8307501078,1.4342500269,1.5028333465,2.3920833369,1.8856666585,1.5656666855,3.6453333199,13.2360833486,4.9508333007,1.712499996,1.6464166443,1.7211666703,1.442416658,4.6592500508,1.9384166698,3.6495833298,1.7067499757,1.5814166665,2.2654999892,3.6984167099],"2":[2.6580000321,1.8254999816,1.4526666601,1.6833333671,1.5370833377,5.3611666461,1.4923333327,5.568916738,2.1008333564,2.2361667057,3.2254166206,1.51941667,2.0975833337,2.0747499863,2.0940833489,2.1047500173,4.955166618,4.6547499895,4.3249165813,14.9962499936,4.3235833248,1.9506666263,2.0350000163,4.0467499296],"3":null,"4":null,"5":null},"firstSet3":{"0":[1.6303333342,1.6324166358,3.720333298,1.7106666466,1.7002499799,1.5955833097,1.6032499969,4.1563333571,13.5526666641,1.6007499894,2.0702499946,1.6379999916,2.0901666681,1.607583334,1.8645833135,3.1492500703,3.5326666832,4.6987499297,1.4439999958,9.6550000906,9.7048332493,5.8704166313,1.6540833215,1.6493333379],"1":[1.7905833423,2.1155000031,4.3847499589,1.8527499835,1.7377500137,1.7817499737,1.901000003,3.474416703,5.8585000237,2.112166663,1.8160833518,13.9909999371,7.6500000457,1.8739999831,1.7080833316,1.7042499979,1.9229166408,1.8345000048,4.661250025,1.6602499982,1.8140000204,2.3680000007,1.6899166505,1.7669166823],"2":[4.7296667397,1.6925833623,1.6123333474,1.6017500063,1.5972499947,1.582499971,4.622833401,1.7701666653,2.739166677,1.6720000009,4.546750019,1.6085000237,1.9748333295,3.673750033,1.6853333314,1.5956666768,6.8184167147,11.0262499054,5.1509165764,2.305916667,2.3542500238,2.1515833239,2.1452499727,3.2256666819],"3":null,"4":null,"5":null},"secondSet2":{"0":[1.6303333342,1.6324166358,3.720333298,1.7106666466,1.7002499799,1.5955833097,1.6032499969,4.1563333571,13.5526666641,1.6007499894,2.0702499946,1.6379999916,2.0901666681,1.607583334,1.8645833135,3.1492500703,3.5326666832,4.6987499297,1.4439999958,9.6550000906,9.7048332493,5.8704166313,1.6540833215,1.6493333379],